Book Id,Title,Author,Additional Authors,ISBN,ISBN13,My Rating,Average Rating,Binding,Number of Pages,Year Published,Original Publication Year,Date Read,Date Added,Bookshelves,Exclusive Shelf,My Review,Spoiler,Private Notes,Read Count
300001,"Empire of Silence (The Sun Eater, #1)",Christopher Ruocchio,,="0756413028",="9780756413026",5,4.13,Mass Market Paperback,768,2019,2018,2023/02/11,2023/01/03,favorites,read,Hadrian telling his own story is the hook. Slow start; worth it.,,,1
300002,"Howling Dark (The Sun Eater, #2)",Christopher Ruocchio,,="0756413044",="9780756413040",5,4.37,Mass Market Paperback,800,2020,2019,2023/04/02,2023/02/12,favorites,read,,,,1
300003,"Demon in White (The Sun Eater, #3)",Christopher Ruocchio,,="0756413060",="9780756413064",5,4.52,Hardcover,784,2020,2020,2023/06/18,2023/04/03,favorites,read,,,,1
300004,"Kingdoms of Death (The Sun Eater, #4)",Christopher Ruocchio,,="0756418781",="9780756418786",4,4.46,Paperback,912,2023,2022,2023/09/30,2023/06/19,,read,,,,1
300005,"Ashes of Man (The Sun Eater, #5)",Christopher Ruocchio,,="0756416606",="9780756416607",5,4.55,Hardcover,544,2022,2022,2024/01/21,2023/10/01,favorites,read,That ending.,true,,1
300006,"Disquiet Gods (The Sun Eater, #6)",Christopher Ruocchio,,="0756421146",="9780756421144",0,4.61,Paperback,704,2025,2024,,2024/02/01,,currently-reading,,,,0
300007,"Shadows upon Time (The Sun Eater, #7)",Christopher Ruocchio,,="0756420008",="9780756420000",0,4.7,Hardcover,928,2025,2025,,2025/01/15,,to-read,,,,0
300008,"Tales of the Sun Eater, Vol. 1 (The Sun Eater, #0.1)",Christopher Ruocchio,,,,4,4.2,Kindle Edition,160,2021,2021,2023/10/12,2023/10/02,,read,,,,1
300009,"Tales of the Sun Eater, Vol. 2 (The Sun Eater, #0.2)",Christopher Ruocchio,,,,4,4.3,Kindle Edition,148,2022,2022,2023/11/05,2023/10/02,,read,,,,1
300010,"Tales of the Sun Eater, Vol. 3 (The Sun Eater, #0.3)",Christopher Ruocchio,,,,0,4.3,Kindle Edition,216,2023,2023,,2024/02/01,,to-read,,,,0
300011,"Tales of the Sun Eater, Vol. 4 (The Sun Eater, #0.4)",Christopher Ruocchio,,,,0,4.4,Kindle Edition,179,2025,2025,,2025/03/02,,to-read,,,,0
300012,"The Lesser Devil (The Sun Eater, #0.5)",Christopher Ruocchio,,,,4,4.1,Kindle Edition,120,2020,2020,2023/10/20,2023/10/02,,read,,,,1
300013,"Queen Amid Ashes (The Sun Eater, #0.6)",Christopher Ruocchio,,,,0,4.3,Kindle Edition,190,2022,2022,,2024/02/01,,to-read,,,,0
